analysis_label,roi,n_included_participants,mean_difference_abstract_minus_concrete,t_stat,df,p_value,p_value_holm,ci_low,ci_high,cohens_dz
Front ROI planned follow-up,Front,36,2.2904466514135805e-08,1.4117108625401367,35,0.1668641036765272,0.3337282073530544,-1.003325486814872e-08,5.584218789642033e-08,0.2352851437566894
Back ROI planned follow-up,Back,36,-7.324660582412696e-10,-0.049639381730875884,35,0.9606919656302844,0.9606919656302844,-3.068822094801195e-08,2.9223288831529408e-08,-0.008273230288479315
