analysis_label,chromophore,test_scope,window_label,window_start_sec,window_end_sec,timepoint_sec,n_included_participants,n_valid_abstract_trials,n_valid_concrete_trials,front_abstract_mean,front_concrete_mean,back_abstract_mean,back_concrete_mean,mean_dissociation,t_stat,df,p_value,ci_low,ci_high,cohens_dz,alpha
Secondary front-versus-back fixed-window HbO dissociation test,hbo,secondary,window_7_11,7.0,11.0,,36,539,536,2.3661294999266735e-08,-7.116395083411357e-09,-5.8848638392005726e-08,-6.950307462172008e-08,2.0123253852963745e-08,1.162125086512327,35,0.2530481759803146,-1.5029913102323928e-08,5.527642080825142e-08,0.19368751441872112,0.05
Secondary front-versus-back fixed-window HbR dissociation test,hbr,secondary_hbr,window_7_11,7.0,11.0,,36,539,536,2.2609690994199297e-09,8.85286804423579e-10,4.795940167849384e-09,6.49417616301074e-09,3.0739182901577095e-09,0.4402245003467745,35,0.6624813416105055,-1.1101544199383909e-08,1.7249380779699327e-08,0.07337075005779575,0.05
